,UserId,ClusterId
0,272517,1
1,315546,1
2,329889,1
3,344232,1
4,358575,1
5,372918,1
6,271236,1
7,285579,2
8,299922,2
9,314265,1
10,328608,1
11,357294,1
12,371637,1
13,269955,1
14,284298,1
15,298641,2
16,312984,1
17,327327,1
18,341670,1
19,356013,1
20,370356,1
21,268674,1
22,326046,1
23,354732,1
24,275079,1
25,303765,1
26,332451,1
27,361137,1
28,281736,1
29,310422,1
30,339108,1
31,367794,1
32,259455,1
33,288141,1
34,316827,1
35,374199,2
36,266112,1
37,294798,1
38,352170,1
39,380856,1
40,264579,2
41,278922,1
42,336294,1
43,307860,1
44,350889,1
45,365232,1
46,263298,1
47,306327,2
48,320670,1
49,277893,1
50,335265,1
51,349608,1
52,333984,1
53,283017,2
54,340389,1
55,289422,2
56,260988,2
57,295827,1
58,318360,1
59,375732,1
60,267393,1
61,324765,2
62,273798,1
63,280203,1
64,302736,1
65,360108,1
66,366513,1
67,272769,2
68,287112,1
69,373170,1
70,285327,1
71,299670,1
72,314013,1
73,328356,1
74,271488,1
75,343203,1
76,357546,1
77,371889,1
78,269703,2
79,298389,1
80,327579,1
81,341922,1
82,356265,1
83,370608,1
84,268422,2
85,297108,1
86,319641,1
87,383166,1
88,332199,1
89,354984,2
90,281484,1
91,304017,1
92,367542,1
93,316575,1
94,345261,1
95,310674,2
96,339360,1
97,259707,1
98,265860,1
99,351918,1
100,374451,1
101,300951,1
102,264327,1
103,278670,1
104,309393,2
105,323736,1
106,350637,1
107,322203,1
108,336546,1
109,263046,1
110,293769,1
111,308112,1
112,363447,1
113,377790,1
114,335013,2
115,278145,1
116,292488,1
117,347823,1
118,305298,1
119,276864,2
120,295575,1
121,318108,1
122,340641,1
123,267141,1
124,381885,1
125,330918,1
126,375984,1
127,302484,1
128,274050,2
129,315294,1
130,360360,2
131,299418,2
132,328104,1
133,371133,1
134,287364,1
135,316050,1
136,344736,1
137,269451,1
138,369852,2
139,286083,1
140,357798,1
141,268170,1
142,311199,1
143,339885,1
144,368571,1
145,284802,1
146,274575,1
147,303261,2
148,331947,1
149,360633,2
150,291207,1
151,377265,2
152,309918,1
153,338604,1
154,367290,1
155,326550,1
156,355236,1
157,383922,1
158,373695,1
159,265608,1
160,272013,1
161,259959,1
162,288645,1
163,317331,1
164,346017,2
165,307356,1
166,352422,2
167,364728,2
168,323988,1
169,381360,1
170,262794,1
171,363195,1
172,277389,2
173,322455,1
174,379827,1
175,294021,1
176,304542,2
177,361914,1
178,276108,2
179,333480,1
180,376509,1
181,292740,1
182,350112,2
183,266889,2
184,311955,1
185,283521,1
186,273294,2
187,330666,1
188,289926,1
189,261492,1
190,318864,1
191,308637,1
192,353703,2
193,366009,1
194,325269,1
195,382641,1
196,372414,1
197,343980,1
198,260211,1
199,299166,1
200,327852,1
201,315798,2
202,344484,1
203,270984,1
204,342699,1
205,371385,2
206,297885,1
207,359331,1
208,285831,1
209,341418,1
210,370104,1
211,267918,1
212,296604,1
213,358050,2
214,313236,1
215,348327,1
216,303513,1
217,320145,1
218,383670,1
219,310170,1
220,338856,1
221,326802,1
222,355488,2
223,281988,1
224,300447,1
225,329133,1
226,317079,1
227,272265,1
228,335790,1
229,364476,1
230,262542,1
231,352674,2
232,279174,1
233,324240,1
234,379575,2
235,351141,1
236,277641,1
237,322707,1
238,361662,1
239,294273,1
240,378294,1
241,304794,1
242,349860,1
243,276360,1
244,321426,1
245,331695,1
246,376761,1
247,292992,1
248,295071,2
249,266637,1
250,356769,2
251,283269,1
252,330414,1
253,375480,1
254,347046,1
255,273546,1
256,318612,1
257,337323,1
258,382389,1
259,261744,2
260,308889,2
261,353955,1
262,280455,1
263,372666,1
264,260463,1
265,303492,1
266,317835,1
267,375207,1
268,340662,1
269,355005,2
270,316554,1
271,373926,1
272,282009,1
273,339381,2
274,280728,1
275,364707,1
276,287133,1
277,344505,1
278,313992,2
279,371364,1
280,320397,1
281,265104,1
282,293790,1
283,351162,2
284,271509,1
285,328881,1
286,357567,1
287,298368,1
288,327054,1
289,304773,1
290,278166,1
291,362145,1
292,335538,1
293,284571,1
294,341943,1
295,325773,2
296,262290,2
297,383145,1
298,276885,1
299,291228,1
300,334257,1
301,348600,2
302,310149,2
303,324492,1
304,367521,1
305,381864,1
306,347067,1
307,275604,1
308,332976,2
309,322959,1
310,308868,1
311,366240,1
312,331443,1
313,345786,2
314,321678,1
315,266385,1
316,379050,1
317,272790,1
318,330162,1
319,279195,1
320,336567,1
321,359100,1
322,363426,2
323,369831,2
324,263571,1
325,343476,1
326,292509,1
327,261996,2
328,296835,2
329,319368,1
330,376740,2
331,356286,2
332,317583,1
333,360612,1
334,342195,1
335,356538,1
336,268695,1
337,260715,2
338,375459,1
339,301959,1
340,316302,1
341,355257,1
342,267414,1
343,281757,1
344,259434,1
345,339633,1
346,353976,1
347,266133,1
348,280476,1
349,352191,1
350,344253,2
351,307587,1
352,338352,1
353,264852,1
354,287385,1
355,377517,1
356,350910,1
357,371616,2
358,328629,1
359,298116,1
360,320649,1
361,294042,1
362,361893,1
363,284319,1
364,305025,2
365,278418,1
366,368550,1
367,368802,2
368,295302,2
369,326025,1
370,291480,2
371,367269,1
372,381612,2
373,346815,1
374,332724,1
375,324744,1
376,289947,1
377,380079,1
378,275856,2
379,365988,2
380,345534,1
381,309120,1
382,372897,2
383,299397,1
384,321930,1
385,278943,1
386,273042,1
387,312207,1
388,306306,1
389,263319,1
390,370083,1
391,343728,1
392,270228,2
393,292761,1
394,382893,1
395,319620,2
396,268443,1
397,340158,1
398,285075,1
399,356790,1
400,301707,2
401,260967,1
402,318339,2
403,267162,1
404,283794,1
405,355509,1
406,300426,1
407,317058,1
408,337596,2
409,282513,1
410,370860,1
411,264600,2
412,328377,1
413,297864,1
414,287637,1
415,345009,1
416,314496,1
417,304269,1
418,361641,1
419,320901,2
420,294294,1
421,378273,1
422,351666,2
423,310926,1
424,368298,1
425,358071,1
426,327558,1
427,374703,1
428,295050,1
429,293013,2
430,350385,1
431,311682,1
432,309645,1
433,326277,1
434,383649,1
435,332472,1
436,291732,1
437,349104,1
438,308364,1
439,273567,1
440,365736,2
441,330939,1
442,290199,1
443,347571,1
444,364203,1
445,272286,1
446,380835,1
447,299145,1
448,288918,2
449,336063,1
450,305550,1
451,362922,1
452,352695,1
453,322182,1
454,379554,1
455,263067,1
456,342972,2
457,279699,2
458,359604,1
459,296331,1
460,312963,2
461,269976,1
462,276381,1
463,303240,1
464,284823,1
465,374955,1
466,319872,1
467,301455,1
468,340410,2
469,318087,1
470,266910,1
471,357042,1
472,283542,1
473,339129,1
474,265629,1
475,282261,1
476,372393,1
477,259938,1
478,298893,1
479,323715,1
480,264348,1
481,354480,2
482,371112,1
483,328125,1
484,314244,1
485,271257,1
486,334782,1
487,287889,1
488,378021,1
489,351414,1
490,304521,1
491,368046,1
492,341691,1
493,311178,1
494,358323,2
495,311430,1
496,276633,1
497,383397,2
498,332220,1
499,309897,1
500,348852,1
501,326529,1
502,365484,2
503,330687,1
504,291984,1
505,382116,1
506,347319,1
507,308616,2
508,363951,1
509,325248,1
510,290451,2
511,380583,1
512,307083,2
513,346038,1
514,315525,1
515,379302,1
516,336315,1
517,305802,2
518,262815,1
519,352947,1
520,279447,1
521,296079,2
522,343224,1
523,312711,1
524,269724,1
525,286356,1
526,376488,1
527,333501,1
528,302988,2
529,281001,2
530,295344,2
531,309687,1
532,348810,1
533,363153,2
534,377496,1
535,265377,2
536,279720,1
537,261471,2
538,333186,1
539,347529,2
540,361872,1
541,264096,2
542,278439,1
543,307125,1
544,321468,1
545,260190,1
546,346248,1
547,374934,1
548,270501,1
549,299187,1
550,352653,1
551,381339,1
552,277158,2
553,330624,1
554,359310,1
555,283563,1
556,312249,1
557,337029,1
558,365715,1
559,318906,1
560,343686,1
561,372372,1
562,267939,1
563,296625,1
564,325311,1
565,350091,1
566,378777,2
567,327810,1
568,370839,2
569,317625,2
570,342405,1
571,356748,1
572,273063,1
573,287406,1
574,355215,1
575,302001,1
576,341124,1
577,271782,1
578,339591,1
579,286377,1
580,300720,1
581,368529,1
582,382872,1
583,331905,2
584,313530,1
585,338310,1
586,285096,2
587,319935,2
588,344715,1
589,291501,2
590,373653,1
591,269472,1
592,304311,1
593,329091,1
594,351624,2
595,275877,2
596,358029,2
597,364434,1
598,288687,1
599,311220,1
600,336000,1
601,266406,1
602,280749,1
603,295092,1
604,348558,1
605,377244,1
606,309939,1
607,324282,1
608,265125,1
609,279468,1
610,332934,2
611,361620,2
612,294315,1
613,308658,1
614,323001,1
615,261723,2
616,263844,1
617,331653,1
618,381087,1
619,293034,1
620,321720,1
621,260442,1
622,375186,1
623,270753,1
624,330372,1
625,352905,1
626,283311,2
627,311997,1
628,365463,1
629,277410,1
630,306096,1
631,359562,1
632,318654,1
633,337281,1
634,267687,2
635,296373,2
636,349839,1
637,290472,1
638,343938,1
639,372624,1
640,325563,1
641,288939,1
642,303282,1
643,371091,1
644,342657,1
645,316092,1
646,383901,1
647,273315,1
648,355467,1
649,341376,1
650,368277,1
651,382620,1
652,339843,1
653,354186,1
654,298935,1
655,313278,1
656,262311,1
657,284844,1
658,344463,1
659,338562,1
660,297654,1
661,320187,1
662,379806,1
663,269220,1
664,291753,1
665,328839,1
666,351372,1
667,373905,1
668,282030,1
669,304563,1
670,327096,1
671,276129,1
672,335748,1
673,358281,2
674,317373,1
675,333963,2
676,282786,1
677,379281,2
678,264873,1
679,307902,1
680,375711,1
681,281505,1
682,324534,1
683,349314,1
684,263592,1
685,277935,1
686,306621,1
687,331401,1
688,374430,1
689,280224,1
690,294567,1
691,323253,1
692,261975,1
693,348033,1
694,276654,1
695,305340,1
696,330120,1
697,321972,1
698,260694,1
699,336525,1
700,365211,1
701,353157,2
702,381843,1
703,343182,1
704,371868,1
705,267435,1
706,296121,1
707,359814,1
708,284067,2
709,312753,1
710,274092,1
711,302778,1
712,290724,1
713,319410,1
714,309183,1
715,358533,1
716,369054,1
717,289191,1
718,301497,1
719,318129,1
720,339087,1
721,287910,1
722,368025,1
723,316848,1
724,298683,1
725,337806,2
726,354438,1
727,366744,1
728,278691,1
729,383376,1
730,373149,2
731,297402,1
732,268968,1
733,314034,1
734,303807,1
735,285600,1
736,275373,2
737,259413,1
738,363930,1
739,310716,2
740,335496,1
741,380562,1
742,352128,1
743,341901,1
744,266154,1
745,309435,2
746,264621,1
747,326067,2
748,332430,1
749,377748,1
750,263340,2
751,324786,1
752,331149,2
753,279972,1
754,347781,1
755,278187,1
756,294819,1
757,323505,1
758,329868,2
759,346500,1
760,364959,1
761,276906,1
762,305592,1
763,381591,2
764,293538,1
765,322224,1
766,260946,1
767,336777,1
768,267183,1
769,295869,1
770,353409,1
771,283815,1
772,312501,1
773,343434,1
774,372120,1
775,302526,1
776,360066,1
777,319158,1
778,333711,1
779,274344,1
780,342153,2
781,290976,1
782,301245,1
783,358785,1
784,272811,1
785,340872,1
786,299964,1
787,357504,1
788,367773,1
789,271530,1
790,316596,1
791,339339,1
792,288162,1
793,298431,2
794,355971,1
795,269997,1
796,286629,1
797,338058,2
798,297150,1
799,373401,1
800,285348,1
801,344967,1
802,304059,1
803,320691,2
804,380310,1
805,292257,1
806,259665,1
807,351876,1
808,265902,2
809,310968,1
810,370587,1
811,366723,2
812,381066,1
813,264369,1
814,278712,1
815,293055,1
816,297633,1
817,311976,1
818,326319,1
819,365442,2
820,379785,1
821,263088,2
822,277431,1
823,291774,1
824,330897,1
825,345240,1
826,359583,1
827,296352,2
828,310695,1
829,325038,1
830,364161,1
831,378504,1
832,290493,1
833,329616,2
834,343959,1
835,358302,1
836,315819,2
837,289212,1
838,369285,1
839,342678,1
840,349083,1
841,322476,2
842,261198,1
843,300195,1
844,273588,1
845,355740,1
846,286650,1
847,305319,1
848,319662,1
849,338583,1
850,352926,1
851,285369,1
852,371847,1
853,337302,1
854,269745,1
855,351897,1
856,370566,1
857,282555,1
858,376971,1
859,323757,1
860,268464,1
861,328083,1
862,350616,1
863,274869,2
864,357021,2
865,301728,1
866,281274,2
867,383880,1
868,308133,1
869,287679,1
870,334992,1
871,314538,1
872,341397,1
873,265650,1
874,368256,1
875,272055,2
876,259917,1
877,374661,2
878,298914,1
879,331926,1
880,297381,1
881,311724,1
882,293307,1
883,379533,1
884,262836,1
885,330645,1
886,344988,1
887,326571,1
888,296100,1
889,277683,1
890,363909,1
891,359835,1
892,276402,1
893,290745,1
894,362628,1
895,315567,2
896,336273,2
897,348831,1
898,289464,2
899,369537,1
900,342930,1
901,322728,1
902,279741,1
903,261450,1
904,376194,1
905,333207,2
906,273840,1
907,355992,1
908,313005,1
909,286398,1
910,366471,2
911,307104,1
912,264117,1
913,340368,1
914,305571,1
915,319914,1
916,285117,1
917,271026,1
918,338835,1
919,353178,2
920,269493,1
921,283836,1
922,372099,2
923,351645,2
924,317100,1
925,268212,1
926,370818,1
927,327831,2
928,350364,2
929,301476,1
930,324009,1
931,281022,1
932,383628,1
933,275121,1
934,334740,1
935,314286,1
936,265398,1
937,287931,1
938,368004,1
939,347550,1
940,298662,1
941,272307,1
942,294840,2
943,348306,1
944,297129,1
945,262584,1
946,276927,1
947,381570,1
948,330393,1
949,279216,1
950,293559,1
951,347025,2
952,295848,2
953,363657,1
954,312480,1
955,326823,1
956,275646,2
957,380289,2
958,292278,1
959,345744,1
960,360087,1
961,308910,1
962,362376,1
963,376719,1
964,325542,2
965,274365,1
966,379008,1
967,368781,1
968,358806,1
969,283059,1
970,375438,1
971,299691,1
972,273084,2
973,316323,1
974,332955,1
975,349587,1
976,322980,1
977,261702,1
978,339612,1
979,263865,1
980,382851,1
981,280497,1
982,338079,1
983,286902,1
984,260421,1
985,354711,1
986,320166,1
987,336798,1
988,269241,1
989,353430,1
990,319137,1
991,284592,1
992,301224,2
993,360843,1
994,317856,1
995,307629,1
996,377475,2
997,351120,1
998,340893,1
999,265146,2
1000,367752,2
1001,357525,1
1002,281778,2
1003,271551,2
1004,374157,1
1005,298410,2
1006,288183,1
1007,315042,1
1008,304815,1
1009,321447,1
1010,278460,1
1011,313509,1
1012,262332,1
1013,381318,1
1014,330141,1
1015,278964,1
1016,346773,1
1017,295596,1
1018,277179,2
1019,312228,2
1020,293811,1
1021,380037,1
1022,328860,2
1023,275898,1
1024,362124,1
1025,343707,1
1026,292530,1
1027,378756,1
1028,360339,1
1029,309162,1
1030,352401,1
1031,325794,2
1032,282807,1
1033,369033,1
1034,342426,1
1035,299439,1
1036,316071,1
1037,375690,1
1038,332703,1
1039,273336,1
1040,289968,1
1041,365967,1
1042,306600,1
1043,263613,2
1044,382599,2
1045,323232,1
1046,280245,1
1047,261954,2
1048,339864,2
1049,270270,1
1050,356496,1
1051,321699,1
1052,270522,1
1053,373128,1
1054,260673,1
1055,354963,1
1056,303786,2
1057,268989,1
1058,371595,1
1059,320418,1
1060,285621,1
1061,337050,1
1062,302253,1
1063,259392,2
1064,353682,1
1065,318885,1
1066,267708,2
1067,370314,2
1068,335517,1
1069,352149,1
1070,300972,1
1071,360591,1
1072,317604,1
1073,274617,1
1074,334236,2
1075,291249,1
1076,350868,1
1077,307881,1
1078,264894,1
1079,367500,1
1080,324513,2
1081,341145,1
1082,298158,2
1083,357777,1
1084,271803,1
1085,374409,1
1086,331422,1
1087,288435,1
1088,348054,1
1089,305067,2
1090,275142,2
1091,332514,1
1092,346857,1
1093,375543,1
1094,302547,2
1095,316890,1
1096,331233,1
1097,345576,1
1098,359919,2
1099,272580,2
1100,301266,1
1101,329952,1
1102,358638,1
1103,278985,1
1104,307671,1
1105,336357,1
1106,365043,1
1107,285642,1
1108,314328,1
1109,371700,1
1110,263361,1
1111,349419,1
1112,378105,1
1113,298704,1
1114,356076,1
1115,305109,1
1116,333795,1
1117,311514,2
1118,354543,1
1119,368886,1
1120,268737,1
1121,326109,2
1122,340452,1
1123,383481,1
1124,260925,1
1125,295890,1
1126,338919,1
1127,267456,1
1128,310485,1
1129,324828,1
1130,367857,1
1131,382200,1
1132,259644,1
1133,323295,1
1134,337638,1
1135,380667,1
1136,294861,1
1137,352233,1
1138,366576,1
1139,372981,1
1140,264642,1
1141,322014,1
1142,379386,1
1143,293580,1
1144,328419,1
1145,350952,2
1146,299985,1
1147,357357,2
1148,277956,1
1149,312795,2
1150,290766,1
1151,291018,1
1152,305361,2
1153,319704,1
1154,317919,1
1155,332262,1
1156,346605,1
1157,360948,2
1158,304080,1
1159,375795,1
1160,302295,2
1161,316638,2
1162,345324,1
1163,288456,1
1164,286671,1
1165,301014,2
1166,315357,1
1167,329700,1
1168,278733,1
1169,364791,1
1170,358890,2
1171,285390,2
1172,336609,2
1173,349167,1
1174,371952,1
1175,292299,1
1176,298452,1
1177,333543,1
1178,327642,2
1179,356328,1
1180,268485,1
1181,282828,2
1182,383229,1
1183,354795,1
1184,369138,1
1185,281295,1
1186,295638,1
1187,326361,1
1188,340704,1
1189,267204,1
1190,367605,1
1191,381948,1
1192,261177,2
1193,353514,1
1194,265671,1
1195,280014,1
1196,325080,1
1197,351981,1
1198,366324,1
1199,323547,1
1200,264390,1
1201,286923,1
1202,350700,2
1203,299733,1
1204,322266,1
1205,271299,2
1206,293832,1
1207,312543,2
1208,357609,1
1209,284109,1
1210,278208,1
1211,347886,2
1212,370419,1
1213,296919,1
1214,319452,1
1215,274638,2
1216,332010,1
1217,360696,1
1218,375039,1
1219,291270,2
1220,319956,1
1221,348642,1
1222,377328,1
1223,273357,1
1224,302043,1
1225,330729,1
1226,289989,1
1227,318675,1
1228,272076,1
1229,372477,1
1230,288708,1
1231,317394,2
1232,346080,1
1233,360423,1
1234,323799,1
1235,381171,1
1236,371196,1
1237,262857,1
1238,359142,1
1239,279489,1
1240,269514,1
1241,286146,1
1242,275919,2
1243,304605,2
1244,361977,1
1245,292551,1
1246,321237,1
1247,339948,1
1248,368634,1
1249,284865,1
1250,356580,1
1251,295386,1
1252,338415,2
1253,266952,2
1254,309981,1
1255,355047,1
1256,283584,1
1257,326613,1
1258,265419,1
1259,337134,1
1260,261429,1
1261,282051,1
1262,308700,1
1263,353766,1
1264,366072,1
1265,325332,1
1266,382704,1
1267,264138,1
1268,307167,1
1269,364539,1
1270,260148,2
1271,280770,1
1272,270543,1
1273,327915,2
1274,287175,1
1275,299481,1
1276,344547,2
1277,316113,1
1278,305886,1
1279,363258,1
1280,277452,1
1281,322518,2
1282,334824,1
1283,369663,1
1284,294084,2
1285,341229,1
1286,357861,1
1287,296667,1
1288,376572,1
1289,377076,1
1290,274890,2
1291,303576,2
1292,375291,1
1293,291522,1
1294,301791,1
1295,330477,2
1296,318423,1
1297,347109,1
1298,273609,1
1299,290241,1
1300,329196,1
1301,345828,1
1302,272328,1
1303,344043,1
1304,372729,1
1305,288960,1
1306,307419,1
1307,336105,1
1308,279237,1
1309,342762,1
1310,269262,1
1311,297948,2
1312,359394,2
1313,285894,1
1314,378357,1
1315,276171,1
1316,304857,1
1317,368382,1
1318,295134,1
1319,340200,1
1320,266700,1
1321,356832,2
1322,367101,1
1323,283332,1
1324,338667,1
1325,383733,1
1326,265167,1
1327,355299,2
1328,281799,1
1329,326865,1
1330,365820,1
1331,337386,1
1332,382452,1
1333,261681,1
1334,263886,1
1335,308952,1
1336,354018,1
1337,364287,1
1338,280518,1
1339,325584,1
1340,335853,1
1341,380919,1
1342,344295,1
1343,270795,1
1344,315861,1
1345,363006,1
1346,334572,2
1347,379638,1
1348,306138,1
1349,277704,1
1350,322770,2
1351,369915,1
1352,294336,1
1353,341481,1
1354,313047,2
1355,358113,1
1356,307398,1
1357,321741,1
1358,364770,1
1359,379113,1
1360,272853,1
1361,330225,1
1362,358911,2
1363,306117,1
1364,320460,1
1365,363489,1
1366,285915,1
1367,328944,1
1368,343287,1
1369,357630,1
1370,319179,1
1371,362208,1
1372,376551,1
1373,270291,1
1374,356349,1
1375,262353,1
1376,291039,1
1377,348411,1
1378,375270,2
1379,295617,1
1380,324303,2
1381,275415,2
1382,332787,1
1383,308679,1
1384,366051,1
1385,339444,1
1386,288477,1
1387,345849,1
1388,315336,1
1389,266448,1
1390,371175,2
1391,299712,1
1392,264915,1
1393,279258,1
1394,336630,1
1395,293853,2
1396,351225,1
1397,298179,1
1398,312522,1
1399,369894,1
1400,327117,1
1401,278229,1
1402,292572,1
1403,335601,2
1404,261933,1
1405,296898,1
1406,303303,1
1407,325836,1
1408,360675,1
1409,383208,1
1410,276948,1
1411,334320,1
1412,260652,1
1413,283353,1
1414,340725,1
1415,310212,1
1416,289758,2
1417,367584,1
1418,373989,2
1419,353535,1
1420,323022,1
1421,267729,1
1422,380394,1
1423,331506,1
1424,300993,1
1425,280539,1
1426,337911,1
1427,360444,2
1428,329973,1
1429,321993,1
1430,273105,1
1431,363237,1
1432,377580,1
1433,285663,1
1434,328692,1
1435,306369,1
1436,320712,1
1437,318927,2
1438,271824,1
1439,361956,2
1440,343539,2
1441,357882,1
1442,305088,1
1443,342258,1
1444,268758,1
1445,291291,2
1446,332535,1
1447,302022,1
1448,275667,1
1449,281820,1
1450,365799,2
1451,345597,1
1452,308931,2
1453,315084,1
1454,266196,2
1455,378861,2
1456,352254,1
1457,313551,1
1458,372960,1
1459,338163,1
1460,264663,1
1461,350973,2
1462,312270,1
1463,336882,1
1464,294105,1
1465,335349,1
1466,349692,1
1467,296646,1
1468,327369,1
1469,278481,1
1470,368613,1
1471,382956,2
1472,348159,1
1473,326088,1
1474,283101,2
1475,277200,1
1476,367332,1
1477,346878,1
1478,260904,1
1479,316365,1
1480,310464,1
1481,290010,1
1482,380142,2
1483,331254,1
1484,353787,1
1485,300741,1
1486,323274,1
1487,280287,1
1488,274386,1
1489,364518,1
1490,288981,1
1491,346353,2
1492,305613,1
1493,322245,1
1494,271068,1
1495,379617,2
1496,328440,2
1497,342783,1
1498,287700,2
1499,345072,1
1500,359415,1
1501,269787,1
1502,378336,1
1503,341502,1
1504,286419,1
1505,358134,1
1506,303051,1
1507,295113,1
1508,274911,1
1509,332283,1
1510,291543,1
1511,308175,1
1512,338940,1
1513,324807,1
1514,355572,1
1515,372204,1
1516,259623,1
1517,265944,2
1518,282576,2
1519,329721,1
1520,299208,1
1521,264411,1
1522,336126,1
1523,297675,1
1524,369390,1
1525,314307,1
1526,263130,1
1527,279762,1
1528,277725,2
1529,335097,1
1530,296394,1
1531,327621,2
1532,293076,1
1533,350448,1
1534,340221,1
1535,309708,1
1536,367080,1
1537,326340,1
1538,383712,2
1539,373485,1
1540,267225,1
1541,261156,1
1542,283857,1
1543,273630,1
1544,331002,1
1545,300489,2
1546,290262,1
1547,347634,1
1548,317121,1
1549,364266,2
1550,354039,1
1551,323526,1
1552,380898,1
1553,370671,2
1554,272601,1
1555,379365,2
1556,328188,2
1557,305865,1
1558,271320,1
1559,361452,1
1560,287952,1
1561,378084,1
1562,304584,1
1563,286167,2
1564,376299,1
1565,321216,2
1566,302799,2
1567,341754,1
1568,319431,1
1569,284886,1
1570,375018,2
1571,332031,2
1572,348663,1
1573,318150,2
1574,275163,1
1575,291795,1
1576,308427,1
1577,339192,1
1578,265692,1
1579,372456,1
1580,329469,1
1581,259875,1
1582,298956,1
1583,315588,1
1584,370923,2
1585,297423,1
1586,336378,1
1587,262878,1
1588,353010,1
1589,279510,1
1590,369642,2
1591,334845,1
1592,296142,1
1593,351477,1
1594,312774,1
1595,294609,1
1596,311241,1
1597,350196,1
1598,319683,1
1599,276696,1
1600,366828,1
1601,383460,2
1602,340473,1
1603,309960,1
1604,266973,1
1605,326592,1
1606,283605,1
1607,373737,1
1608,330750,2
1609,300237,1
1610,347382,1
1611,261408,1
1612,316869,2
1613,364014,1
1614,380646,1
1615,337659,1
1616,307146,2
1617,264159,1
1618,354291,1
1619,270564,1
1620,299250,1
1621,338373,1
1622,352716,1
1623,269283,1
1624,283626,1
1625,297969,2
1626,326655,2
1627,337092,1
1628,351435,1
1629,365778,1
1630,380121,1
1631,268002,1
1632,296688,1
1633,325374,1
1634,350154,1
1635,364497,1
1636,378840,1
1637,356559,2
1638,281064,2
1639,334530,1
1640,287469,1
1641,340935,1
1642,369621,1
1643,265440,1
1644,294126,1
1645,322812,1
1646,347592,1
1647,271845,1
1648,300531,1
1649,382683,2
1650,278502,1
1651,307188,1
1652,331968,1
1653,374997,2
1654,262626,1
1655,305655,1
1656,319998,1
1657,344778,1
1658,291564,1
1659,373716,1
1660,290031,1
1661,304374,1
1662,329154,1
1663,372183,2
1664,275940,1
1665,318969,2
1666,343749,1
1667,358092,1
1668,274407,1
1669,288750,1
1670,295155,1
1671,317688,2
1672,342468,1
1673,377307,1
1674,266721,1
1675,324093,1
1676,348873,1
1677,273126,1
1678,355278,1
1679,279531,1
1680,361683,1
1681,308469,1
1682,333249,1
1683,339654,1
1684,263907,2
1685,321279,1
1686,346059,1
1687,368592,1
1688,381150,1
1689,260379,1
1690,338625,1
1691,352968,1
1692,269031,1
1693,283374,1
1694,297717,1
1695,312060,1
1696,351183,1
1697,365526,1
1698,326907,1
1699,267750,1
1700,296436,1
1701,364245,1
1702,311283,1
1703,325626,1
1704,274659,1
1705,280812,1
1706,334278,1
1707,362964,1
1708,315903,1
1709,310002,1
1710,265188,1
1711,341187,1
1712,369873,2
1713,300279,2
1714,382431,1
1715,323064,1
1716,376530,1
1717,272097,2
1718,331716,2
1719,354249,1
1720,284655,1
1721,313341,1
1722,262374,2
1723,307440,2
1724,330183,1
1725,344526,1
1726,375249,1
1727,305907,1
1728,277473,1
1729,359625,1
1730,290283,1
1731,304626,1
1732,372435,2
1733,358344,1
1734,317436,1
1735,377055,1
1736,266469,1
1737,289002,1
1738,348621,1
1739,371154,1
1740,342720,1
1741,279279,1
1742,324345,1
1743,361431,2
1744,273378,2
1745,332997,1
1746,355530,1
1747,308721,2
1748,368340,1
1749,261912,2
1750,339906,2
1751,298998,1
1752,321531,2
1753,354501,1
1754,297465,1
1755,365274,1
1756,285411,1
1757,314097,1
1758,353220,1
1759,267498,1
1760,296184,1
1761,259350,1
1762,335307,1
1763,363993,1
1764,312816,1
1765,327159,1
1766,351939,1
1767,380625,1
1768,334026,1
1769,362712,1
1770,325878,1
1771,350658,1
1772,340431,1
1773,379344,1
1774,264936,1
1775,375774,1
1776,281568,2
1777,271341,2
1778,300027,1
1779,316659,1
1780,277998,1
1781,294630,2
1782,323316,1
1783,366555,1
1784,276717,1
1785,346563,1
1786,373212,1
1787,293349,2
1788,303870,1
1789,275436,1
1790,320502,1
1791,345282,1
1792,343245,1
1793,292068,1
1794,273903,1
1795,290535,1
1796,302841,1
1797,341964,1
1798,319473,1
1799,358596,1
1800,272622,1
1801,289254,1
1802,301560,1
1803,318192,2
1804,307965,1
1805,332745,2
1806,377811,1
1807,324597,1
1808,349377,1
1809,339150,2
1810,355782,1
1811,368088,2
1812,298746,1
1813,270312,1
1814,315378,1
1815,338121,1
1816,268527,1
1817,354753,1
1818,365022,1
1819,285159,1
1820,381654,1
1821,260883,2
1822,336840,1
1823,267246,2
1824,295932,2
1825,353472,1
1826,335055,2
1827,363741,1
1828,283878,1
1829,351687,1
1830,380373,1
1831,310779,1
1832,259602,2
1833,265965,1
1834,333774,1
1835,350406,2
1836,309498,2
1837,264684,1
1838,326130,1
1839,369369,1
1840,281316,1
1841,357315,1
1842,316407,1
1843,376026,1
1844,271593,1
1845,288225,2
1846,366303,1
1847,306936,1
1848,382935,1
1849,323568,1
1850,346311,1
1851,305403,2
1852,276969,1
1853,322035,1
1854,328398,1
1855,345030,1
1856,304122,1
1857,371931,1
1858,320754,1
1859,343497,1
1860,302589,1
1861,274155,1
1862,319221,2
1863,370650,1
1864,301308,1
1865,358848,1
1866,360927,1
1867,272874,1
1868,317940,2
1869,377559,1
1870,289506,1
1871,349125,1
1872,263151,1
1873,367836,1
1874,279783,1
1875,324849,1
1876,339402,1
1877,298494,1
1878,356034,2
1879,315126,1
1880,329679,1
1881,286692,1
1882,301539,1
1883,315882,1
1884,369348,1
1885,266994,1
1886,281337,1
1887,349146,2
1888,261135,1
1889,300258,2
1890,314601,1
1891,368067,1
1892,382410,1
1893,265713,1
1894,280056,1
1895,294399,1
1896,333522,1
1897,347865,1
1898,259854,1
1899,298977,1
1900,313320,1
1901,327663,1
1902,366786,1
1903,319725,1
1904,264432,1
1905,293118,1
1906,373191,1
1907,346584,1
1908,270837,1
1909,352989,1
1910,297696,1
1911,379848,1
1912,304101,1
1913,359646,1
1914,283899,1
1915,337365,1
1916,310758,1
1917,364224,1
1918,317163,1
1919,370629,1
1920,268275,1
1921,377034,2
1922,309477,1
1923,289023,1
1924,328146,1
1925,274932,1
1926,342741,1
1927,357084,1
1928,322287,1
1929,308196,1
1930,376005,1
1931,355551,2
1932,341460,1
1933,306663,1
1934,321006,1
1935,374724,1
1936,339927,2
1937,381129,1
1938,305382,1
1939,332241,1
1940,311787,1
1941,338646,1
1942,262899,1
1943,285432,1
1944,365505,1
1945,345051,1
1946,291837,1
1947,378315,1
1948,329427,2
1949,276213,1
1950,303072,1
1951,282618,2
1952,315630,1
1953,383439,1
1954,336336,2
1955,266742,1
1956,281085,1
1957,348894,1
1958,369600,1
1959,300006,1
1960,367815,1
1961,382158,2
1962,265461,1
1963,279804,2
1964,261387,1
1965,333270,1
1966,347613,2
1967,313068,1
1968,294651,2
1969,366534,1
1970,264180,1
1971,260106,1
1972,297444,1
1973,319977,1
1974,373443,1
1975,271089,2
1976,330708,1
1977,326634,1
1978,283647,1
1979,304353,1
1980,277746,1
1981,359898,1
1982,316911,1
1983,311010,2
1984,268023,1
1985,290808,1
1986,324072,1
1987,361158,1
1988,275184,2
1989,342993,2
1990,308448,2
1991,376257,1
1992,355803,1
1993,341712,1
1994,321258,2
1995,272370,1
1996,374976,1
1997,331989,1
1998,354522,1
1999,305634,1
2000,262647,1
2001,344799,1
2002,338898,1
2003,318444,1
2004,269556,1
2005,372162,1
2006,329175,1
2007,351708,1
2008,302820,1
2009,325353,1
2010,362439,1
2011,276465,1
2012,368844,1
2013,317667,1
2014,266490,1
2015,334299,1
2016,283122,1
2017,350931,1
2018,367563,1
2019,316386,1
2020,333018,1
2021,281841,1
2022,349650,1
2023,298473,1
2024,366282,2
2025,315105,2
2026,331737,1
2027,297192,1
2028,260358,1
2029,313824,2
2030,303597,1
2031,320229,2
2032,293622,1
2033,347088,1
2034,336861,1
2035,363720,1
2036,353493,1
2037,380352,1
2038,370125,1
2039,343518,1
2040,376782,1
2041,301035,1
2042,274428,1
2043,344274,1
2044,342237,1
2045,291060,1
2046,360906,1
2047,307692,1
2048,272895,1
2049,377538,1
2050,375501,1
2051,324324,1
2052,289527,1
2053,340956,1
2054,374220,1
2055,339423,1
2056,288246,1
2057,356055,1
2058,304878,1
2059,372687,1
2060,348369,1
2061,338142,1
2062,365001,2
2063,381633,1
2064,371406,1
2065,295659,1
2066,312291,1
2067,269304,1
2068,328923,1
2069,345555,1
2070,302568,2
2071,362187,1
2072,308973,2
2073,335832,1
2074,325605,1
2075,352464,1
2076,334047,1
2077,282870,1
2078,369096,2
2079,299502,2
2080,367311,2
2081,316134,1
2082,264957,1
2083,383943,2
2084,349398,2
2085,298221,2
2086,366030,1
2087,263676,1
2088,382662,1
2089,331485,2
2090,280308,1
2091,261891,2
2092,296940,1
2093,278523,2
2094,372939,1
2095,313572,1
2096,270585,1
2097,330204,1
2098,260610,1
2099,346836,1
2100,320481,1
2101,293874,2
2102,337113,1
2103,267519,1
2104,327138,1
2105,284151,1
2106,370377,1
2107,343770,1
2108,300783,1
2109,360402,2
2110,317415,1
2111,360654,1
2112,325857,1
2113,274680,1
2114,377286,1
2115,342489,1
2116,359121,1
2117,307944,1
2118,375753,1
2119,324576,1
2120,289779,1
2121,341208,1
2122,306411,1
2123,357840,1
2124,374472,1
2125,339675,1
2126,356307,1
2127,305130,2
2128,270333,1
2129,321762,1
2130,381381,2
2131,338394,1
2132,295407,1
2133,355026,1
2134,312039,1
2135,269052,1
2136,371658,1
2137,328671,1
2138,302316,1
2139,259329,1
2140,361935,1
2141,275961,1
2142,378567,1
2143,335580,1
2144,292593,1
2145,309225,1
2146,266238,1
2147,264705,1
2148,293391,2
2149,336420,1
2150,365106,1
2151,379449,1
2152,263424,1
2153,277767,1
2154,306453,1
2155,320796,1
2156,349482,1
2157,363825,1
2158,378168,2
2159,262143,2
2160,276486,1
2161,305172,1
2162,333858,1
2163,282891,1
2164,311577,1
2165,340263,1
2166,368949,1
2167,260862,1
2168,318234,1
2169,346920,1
2170,375606,1
2171,267267,1
2172,295953,1
2173,353325,1
2174,382011,1
2175,273924,1
2176,302610,2
2177,331296,1
2178,359982,1
2179,280329,1
2180,309015,1
2181,337701,1
2182,366387,1
2183,272391,2
2184,286734,1
2185,329763,1
2186,344106,1
2187,301329,1
2188,315672,1
2189,358701,1
2190,373044,1
2191,271110,1
2192,314139,1
2193,371511,1
2194,300048,1
2195,343077,1
2196,298515,2
2197,312858,2
2198,355887,1
2199,370230,1
2200,284424,1
2201,327453,1
2202,341796,1
2203,290829,1
2204,348201,1
2205,297234,1
2206,303639,1
2207,326172,1
2208,361011,1
2209,332577,1
2210,281610,1
2211,338982,1
2212,288015,1
2213,310548,1
2214,345387,1
2215,367920,1
2216,259581,1
2217,316953,2
2218,265986,1
2219,323358,1
2220,380730,1
2221,309267,1
2222,323610,2
2223,337953,1
2224,352296,1
2225,264453,1
2226,278796,1
2227,364854,1
2228,293643,2
2229,307986,1
2230,322329,1
2231,263172,1
2232,334887,1
2233,363573,1
2234,278019,1
2235,292362,1
2236,321048,1
2237,319263,1
2238,333606,1
2239,347949,1
2240,362292,1
2241,311325,2
2242,276738,2
2243,305424,1
2244,317982,1
2245,340515,1
2246,369201,2
2247,267015,1
2248,295701,1
2249,381759,1
2250,261114,1
2251,289800,1
2252,375858,1
2253,324891,1
2254,331044,2
2255,353577,1
2256,360234,1
2257,286986,1
2258,313887,1
2259,328230,1
2260,285453,1
2261,299796,1
2262,271362,1
2263,371763,1
2264,312606,1
2265,343329,1
2266,269829,1
2267,284172,1
2268,356139,1
2269,370482,1
2270,296982,1
2271,319515,1
2272,360759,1
2273,383292,1
2274,332325,1
2275,354858,1
2276,281358,1
2277,326424,2
2278,275457,1
2279,367668,1
2280,316701,1
2281,265734,1
2282,288267,1
2283,310800,2
2284,380478,2
2285,259833,1
2286,329511,1
2287,352044,2
2288,374577,1
2289,264201,1
2290,335916,1
2291,364602,1
2292,280833,1
2293,323862,1
2294,352548,1
2295,381234,1
2296,262920,1
2297,277263,1
2298,305949,1
2299,334635,1
2300,363321,1
2301,293895,1
2302,322581,1
2303,351267,1
2304,379953,1
2305,275982,1
2306,304668,1
2307,333354,1
2308,376383,1
2309,292614,1
2310,321300,1
2311,349986,1
2312,378672,1
2313,356391,1
2314,375102,1
2315,266763,1
2316,283395,1
2317,312081,1
2318,302106,1
2319,330792,2
2320,261366,1
2321,290052,1
2322,318738,1
2323,308511,1
2324,337197,2
2325,365883,1
2326,325143,1
2327,353829,1
2328,382515,1
2329,343854,1
2330,317457,1
2331,270606,1
2332,327978,1
2333,371007,1
2334,287238,1
2335,299544,1
2336,342573,1
2337,359205,1
2338,298011,2
2339,269577,1
2340,341292,1
2341,286209,2
2342,357924,1
2343,296730,1
2344,339759,1
2345,284928,1
2346,274701,2
2347,319767,1
2348,332073,1
2349,291333,1
2350,310044,1
2351,355110,2
2352,367416,1
2353,326676,1
2354,265482,1
2355,282114,1
2356,271887,2
2357,329259,1
2358,288519,1
2359,345891,1
2360,380982,1
2361,307482,1
2362,336168,1
2363,262668,1
2364,324114,1
2365,352800,1
2366,334383,1
2367,363069,1
2368,279300,1
2369,351015,1
2370,379701,1
2371,306201,1
2372,322833,2
2373,333102,1
2374,361788,2
2375,349734,1
2376,304920,1
2377,376635,1
2378,292866,1
2379,321552,1
2380,340011,2
2381,368697,1
2382,266511,1
2383,295197,2
2384,356643,2
2385,283143,1
2386,311829,2
2387,375354,1
2388,330540,1
2389,347172,1
2390,365631,1
2391,273672,1
2392,382263,1
2393,261618,1
2394,290304,1
2395,308763,1
2396,263949,2
2397,354081,1
2398,288771,1
2399,327726,2
2400,372792,1
2401,260337,1
2402,344358,1
2403,315924,2
2404,371259,1
2405,287490,1
2406,297759,1
2407,342825,1
2408,314391,1
2409,359457,1
2410,285957,1
2411,369978,1
2412,268044,1
2413,313110,1
2414,368445,1
2415,331821,1
2416,376887,1
2417,303387,1
2418,348453,1
2419,274953,2
2420,320019,1
2421,291585,1
2422,383796,1
2423,265230,1
2424,310296,2
2425,281862,1
2426,326928,1
2427,329007,1
2428,374073,1
2429,317205,1
2430,364350,1
2431,296961,1
2432,311304,1
2433,325647,1
2434,368676,1
2435,383019,1
2436,291102,2
2437,348474,1
2438,295680,1
2439,367395,1
2440,381738,1
2441,275478,1
2442,289821,1
2443,332850,1
2444,347193,1
2445,308742,2
2446,323085,1
2447,366114,2
2448,380457,1
2449,288540,1
2450,331569,1
2451,360255,1
2452,266259,1
2453,352317,1
2454,379176,1
2455,330288,1
2456,358974,1
2457,279321,1
2458,336693,2
2459,363552,1
2460,312585,1
2461,285978,1
2462,343350,1
2463,263697,1
2464,292383,1
2465,349755,2
2466,376614,1
2467,284697,1
2468,303366,1
2469,260589,1
2470,375333,1
2471,354879,2
2472,283416,1
2473,259308,1
2474,302337,2
2475,374052,1
2476,353598,1
2477,267792,1
2478,315147,1
2479,372519,2
2480,301056,1
2481,280602,1
2482,337974,1
2483,307461,1
2484,287007,1
2485,364833,1
2486,344379,1
2487,313866,1
2488,371238,1
2489,320271,2
2490,264978,1
2491,271383,1
2492,328755,1
2493,351288,1
2494,357693,1
2495,304647,1
2496,362019,1
2497,335664,2
2498,262164,1
2499,333879,1
2500,348222,1
2501,295428,1
2502,291354,1
2503,367143,1
2504,332598,2
2505,310275,1
2506,324618,1
2507,275730,1
2508,290073,1
2509,365862,2
2510,380205,1
2511,331317,1
2512,345660,1
2513,308994,1
2514,323337,1
2515,288792,1
2516,378924,2
2517,299271,1
2518,330036,1
2519,352569,1
2520,273168,1
2521,312333,1
2522,285726,1
2523,336945,1
2524,306432,1
2525,263445,1
2526,349503,1
2527,370209,2
2528,343602,1
2529,296709,1
2530,382767,1
2531,360486,1
2532,317709,2
2533,356664,1
2534,283164,1
2535,260841,1
2536,375585,1
2537,302085,1
2538,316428,1
2539,281631,1
2540,341040,1
2541,267540,1
2542,259560,1
2543,314895,1
2544,374304,1
2545,353850,1
2546,266007,1
2547,280350,1
2548,274449,2
2549,364581,1
2550,344127,1
2551,313614,1
2552,338226,1
2553,307713,1
2554,371490,2
2555,328503,1
2556,351036,1
2557,320523,1
2558,271635,2
2559,361767,1
2560,357945,1
2561,327432,1
2562,292887,1
2563,350259,1
2564,295176,2
2565,309519,2
2566,326151,1
2567,274974,2
2568,383523,1
2569,332346,1
2570,291606,1
2571,348978,1
2572,365610,1
2573,273693,1
2574,382242,1
2575,347697,1
2576,364329,1
2577,299019,2
2578,329784,1
2579,315651,1
2580,289044,1
2581,346416,1
2582,336189,1
2583,363048,2
2584,352821,1
2585,322308,1
2586,379680,1
2587,369453,2
2588,342846,2
2589,359478,1
2590,279825,1
2591,296457,1
2592,286482,1
2593,276255,1
2594,319494,2
2595,376866,1
2596,374829,1
2597,268569,1
2598,340284,1
2599,285201,1
2600,356916,2
2601,301833,1
2602,373548,1
2603,338751,1
2604,261093,1
2605,318465,1
2606,267288,1
2607,355383,2
2608,283920,1
2609,372015,1
2610,300552,2
2611,337470,1
2612,259812,1
2613,317184,1
2614,282387,1
2615,380961,1
2616,370734,1
2617,264474,2
2618,297738,2
2619,344883,1
2620,314370,1
2621,304143,1
2622,320775,1
2623,277788,1
2624,294420,1
2625,351792,1
2626,341565,2
2627,294924,1
2628,276507,1
2629,366639,1
2630,311556,1
2631,293139,1
2632,383271,1
2633,332094,1
2634,326403,1
2635,275226,1
2636,365358,1
2637,291858,1
2638,381990,1
2639,330813,1
2640,308490,1
2641,347445,1
2642,325122,2
2643,273945,1
2644,364077,1
2645,290577,1
2646,380709,1
2647,329532,1
2648,315399,1
2649,346164,1
2650,272664,1
2651,379428,1
2652,262941,1
2653,353073,2
2654,322560,1
2655,279573,1
2656,343098,1
2657,296205,1
2658,269598,1
2659,312837,1
2660,286230,2
2661,302862,1
2662,350007,1
2663,303114,1
2664,358449,2
2665,319746,1
2666,284949,1
2667,375081,1
2668,340536,1
2669,318213,1
2670,267036,1
2671,283668,1
2672,373800,2
2673,339003,1
2674,261345,1
2675,300300,1
2676,265503,1
2677,316932,1
2678,282135,2
2679,372267,1
2680,298767,2
2681,260064,1
2682,307209,1
2683,264222,1
2684,323841,1
2685,370986,1
2686,327999,1
2687,344631,1
2688,314118,1
2689,361263,1
2690,287763,1
2691,377895,1
2692,334908,1
2693,304395,1
2694,321027,1
2695,278040,1
2696,294672,2
2697,274470,1
2698,288813,1
2699,303156,1
2700,317499,1
2701,356622,1
2702,287532,1
2703,301875,1
2704,316218,2
2705,355341,1
2706,369684,1
2707,384027,1
2708,271908,2
2709,286251,2
2710,300594,1
2711,314937,1
2712,339717,1
2713,382746,2
2714,331779,1
2715,360465,1
2716,284970,1
2717,313656,2
2718,338436,1
2719,262689,1
2720,291375,1
2721,320061,2
2722,373527,1
2723,269346,2
2724,351498,1
2725,380184,1
2726,275751,1
2727,304437,1
2728,329217,1
2729,357903,1
2730,282408,1
2731,364560,1
2732,280875,1
2733,363027,1
2734,377370,1
2735,266784,1
2736,309813,1
2737,324156,1
2738,334593,1
2739,348936,1
2740,265251,1
2741,279594,1
2742,322623,1
2743,361746,1
2744,294189,1
2745,308532,1
2746,261597,2
2747,333312,1
2748,376341,1
2749,306999,1
2750,346122,1
2751,270375,1
2752,292908,1
2753,375060,1
2754,381465,1
2755,330498,2
2756,312123,1
2757,336903,1
2758,283689,1
2759,290094,1
2760,296499,1
2761,319032,1
2762,343812,1
2763,325437,1
2764,327684,1
2765,274722,2
2766,303408,1
2767,342531,1
2768,371217,2
2769,315966,2
2770,273441,2
2771,287784,2
2772,341250,1
2773,355593,1
2774,369936,1
2775,314685,1
2776,368151,1
2777,354312,1
2778,284718,1
2779,307251,1
2780,313404,1
2781,366870,1
2782,262437,1
2783,344589,1
2784,338688,1
2785,269094,1
2786,291627,1
2787,297780,2
2788,320313,1
2789,351246,1
2790,373779,2
2791,379932,2
2792,328965,1
2793,326970,2
2794,282156,1
2795,364308,1
2796,317247,1
2797,335874,1
2798,280623,1
2799,294966,1
2800,377118,1
2801,334341,1
2802,264999,2
2803,279342,1
2804,310065,1
2805,324408,1
2806,347151,1
2807,361494,1
2808,333060,2
2809,263718,1
2810,294441,1
2811,308784,1
2812,331527,1
2813,345870,1
2814,339969,1
2815,299061,1
2816,321594,1
2817,293160,1
2818,260568,2
2819,311871,1
2820,283437,1
2821,305970,1
2822,365589,1
2823,277536,1
2824,337155,1
2825,359688,1
2826,296247,2
2827,318780,1
2828,378399,1
2829,267813,2
2830,290346,1
2831,349965,1
2832,372498,1
2833,344064,1
2834,272685,1
2835,301371,1
2836,340494,1
2837,369180,1
2838,289317,2
2839,318003,1
2840,357126,1
2841,271404,1
2842,300090,1
2843,339213,1
2844,367899,2
2845,288036,1
2846,355845,2
2847,270123,1
2848,298809,1
2849,337932,1
2850,366618,1
2851,354564,1
2852,383250,1
2853,373023,1
2854,278817,1
2855,268842,1
2856,285474,1
2857,275247,1
2858,314160,1
2859,303933,1
2860,328713,1
2861,291879,1
2862,320565,1
2863,259287,2
2864,345345,1
2865,310590,1
2866,335370,1
2867,327222,1
2868,352002,1
2869,341775,1
2870,362523,1
2871,266280,1
2872,309309,1
2873,334089,1
2874,379155,2
2875,325941,2
2876,350721,2
2877,264747,1
2878,377874,1
2879,375837,1
2880,324660,1
2881,263466,1
2882,306495,1
2883,331275,1
2884,280098,1
2885,347907,1
2886,374556,1
2887,262101,2
2888,315441,2
2889,305214,2
2890,329994,1
2891,321846,1
2892,346626,1
2893,336399,2
2894,293412,1
2895,260820,1
2896,353031,1
2897,365337,1
2898,381969,1
2899,371742,2
2900,343308,1
2901,312627,1
2902,359940,1
2903,284193,1
2904,273966,1
2905,290598,1
2906,302904,1
2907,342027,1
2908,370713,1
2909,290850,1
2910,319536,1
2911,301119,1
2912,358659,1
2913,272937,2
2914,340746,1
2915,357378,1
2916,367647,1
2917,316470,1
2918,271656,1
2919,288288,2
2920,269871,1
2921,298557,2
2922,356097,1
2923,366366,1
2924,286503,1
2925,315189,1
2926,278565,1
2927,338184,1
2928,268590,1
2929,297276,2
2930,373275,1
2931,313908,1
2932,328461,1
2933,345093,1
2934,304185,1
2935,335118,1
2936,363804,1
2937,292131,2
2938,320817,1
2939,259539,2
2940,351750,1
2941,380436,1
2942,266028,1
2943,327474,1
2944,333837,1
2945,378903,1
2946,282660,1
2947,350469,1
2948,309561,1
2949,360990,1
2950,326193,1
2951,332556,1
2952,349188,2
2953,263214,1
2954,308280,2
2955,331023,1
2956,324912,1
2957,347655,1
2958,306747,1
2959,278313,1
2960,323379,1
2961,374808,2
2962,286755,1
2963,346374,1
2964,305466,1
2965,365085,1
2966,277032,1
2967,336651,1
2968,381717,2
2969,293664,2
2970,295743,1
2971,261072,1
2972,353283,1
2973,267309,1
2974,312375,1
2975,371994,1
2976,283941,1
2977,343560,1
2978,302652,1
2979,360192,1
2980,362271,1
2981,274218,1
2982,319284,1
2983,339990,1
2984,354333,2
2985,319788,1
2986,373254,1
2987,285243,1
2988,353052,1
2989,304164,1
2990,318507,1
2991,269619,2
2992,283962,1
2993,351771,1
2994,302883,1
2995,317226,1
2996,370692,2
2997,294945,1
2998,323631,1
2999,268338,1
3000,377097,1
3001,350490,1
3002,274743,1
3003,356895,1
3004,301602,1
3005,383754,1
3006,308007,2
3007,361473,1
3008,287805,1
3009,314664,1
3010,368130,2
3011,321069,1
3012,265776,2
3013,294462,1
3014,259791,1
3015,374535,1
3016,299040,1
3017,264243,2
3018,278586,2
3019,366849,1
3020,346395,1
3021,297507,1
3022,311850,1
3023,379659,1
3024,326445,1
3025,262962,1
3026,365568,1
3027,345114,2
3028,277557,1
3029,291900,1
3030,378378,1
3031,310821,1
3032,325164,1
3033,290367,1
3034,329490,1
3035,358428,2
3036,282681,1
3037,362754,1
3038,309540,1
3039,369159,1
3040,315945,1
3041,342804,1
3042,322350,1
3043,267057,1
3044,349209,1
3045,261324,1
3046,376068,1
3047,355614,1
3048,300321,1
3049,279867,2
3050,382473,1
3051,306726,2
3052,333585,1
3053,313131,2
3054,286776,1
3055,340242,1
3056,354585,1
3057,284991,2
3058,305697,1
3059,320040,2
3060,373506,1
3061,271152,1
3062,338961,1
3063,353304,1
3064,269367,1
3065,283710,1
3066,351519,1
3067,304416,1
3068,372225,2
3069,302631,1
3070,337680,1
3071,268086,2
3072,282429,1
3073,350238,2
3074,370944,1
3075,301350,1
3076,323883,1
3077,383502,1
3078,274995,1
3079,281148,1
3080,361221,1
3081,357147,1
3082,308259,1
3083,314412,1
3084,265524,1
3085,288057,2
3086,347676,2
3087,321321,2
3088,294714,1
3089,260043,2
3090,366597,1
3091,346143,1
3092,332052,1
3093,297255,1
3094,379407,1
3095,262710,1
3096,293433,1
3097,365316,1
3098,330519,1
3099,344862,2
3100,326697,1
3101,363783,1
3102,378126,1
3103,277809,1
3104,329238,1
3105,311073,1
3106,362502,1
3107,276528,1
3108,336147,1
3109,358680,1
3110,315693,2
3111,309792,1
3112,266805,2
3113,289338,1
3114,369411,2
3115,348957,1
3116,300069,1
3117,273714,1
3118,261576,1
3119,376320,2
3120,306978,1
3121,263991,1
3122,286524,1
3123,372750,2
3124,321573,1
3125,270396,1
3126,260295,2
3127,338205,1
3128,287028,2
3129,354837,1
3130,303660,1
3131,320292,1
3132,269115,1
3133,285747,1
3134,353556,1
3135,370188,1
3136,267834,1
3137,335643,1
3138,284466,1
3139,327705,1
3140,301098,1
3141,290871,1
3142,317730,1
3143,307503,1
3144,360969,1
3145,334362,1
3146,324135,1
3147,350994,1
3148,340767,1
3149,367626,1
3150,357399,1
3151,374031,2
3152,271677,1
3153,298536,1
3154,382977,1
3155,331800,1
3156,297003,1
3157,348432,2
3158,313635,1
3159,262458,1
3160,365064,1
3161,330267,2
3162,277053,1
3163,381696,1
3164,346899,1
3165,295722,1
3166,293685,2
3167,363531,1
3168,310317,1
3169,326949,1
3170,275772,1
3171,345618,2
3172,343581,1
3173,292404,2
3174,362250,1
3175,360213,1
3176,309036,1
3177,274239,1
3178,378882,1
3179,368655,1
3180,325668,1
3181,266553,1
3182,358932,1
3183,283185,1
3184,375564,1
3185,299817,1
3186,289590,1
3187,316449,1
3188,306222,1
3189,333081,1
3190,322854,1
3191,349713,1
3192,263739,1
3193,261828,1
3194,280371,1
3195,305193,1
3196,321825,1
3197,270648,1
3198,260547,1
3199,338457,1
3200,287280,1
3201,355089,1
3202,303912,2
3203,371721,1
3204,320544,1
3205,302127,1
3206,259266,1
3207,337176,1
3208,318759,1
3209,353808,1
3210,335391,2
3211,284214,2
3212,370440,1
3213,352023,1
3214,300846,1
3215,344085,1
3216,317478,1
3217,334110,2
3218,291123,1
3219,377349,1
3220,307755,1
3221,324387,1
3222,265020,1
3223,341019,1
3224,357651,1
3225,298284,1
3226,271929,1
3227,288561,1
3228,313383,1
3229,364812,2
3230,278838,1
3231,381444,1
3232,363279,1
3233,312102,1
3234,328734,1
3235,345366,1
3236,310569,1
3237,361998,2
3238,327201,2
3239,276024,1
3240,378630,1
3241,292656,1
3242,352275,2
3243,266301,2
3244,368907,2
3245,325920,1
3246,282933,1
3247,299565,1
3248,316197,1
3249,375816,1
3250,289842,1
3251,349461,1
3252,306474,1
3253,263487,1
3254,366093,1
3255,323106,1
3256,280119,1
3257,382725,2
3258,339738,1
3259,262080,1
3260,268611,1
3261,282954,1
3262,297297,1
3263,311640,1
3264,325983,1
3265,340326,1
3266,354669,1
3267,369012,1
3268,383355,1
3269,296016,2
3270,310359,1
3271,324702,1
3272,339045,2
3273,353388,1
3274,367731,2
3275,382074,1
3276,259518,1
3277,266049,1
3278,280392,1
3279,294735,1
3280,337764,1
3281,352107,2
3282,366450,2
3283,380793,1
3284,286797,1
3285,315483,2
3286,344169,1
3287,293454,1
3288,350826,1
3289,379512,1
3290,271173,1
3291,328545,1
3292,357231,1
3293,277830,2
3294,312921,2
3295,370293,2
3296,276549,1
3297,333921,1
3298,348264,1
3299,303702,2
3300,346731,1
3301,361074,1
3302,275268,1
3303,318297,1
3304,332640,1
3305,375669,1
3306,273735,1
3307,288078,1
3308,345450,1
3309,302673,1
3310,317016,1
3311,374388,2
3312,272454,1
3313,329826,1
3314,278859,1
3315,301392,1
3316,336231,2
3317,358764,1
3318,307797,1
3319,365169,2
3320,314202,1
3321,371574,1
3322,263235,1
3323,320607,1
3324,343140,1
3325,377979,1
3326,298578,1
3327,355950,1
3328,270144,1
3329,304983,1
3330,327516,2
3331,362355,1
3332,268359,2
3333,282702,1
3334,297045,1
3335,311388,1
3336,326235,1
3337,340578,2
3338,369264,1
3339,267078,1
3340,367479,1
3341,261051,2
3342,339297,1
3343,265797,1
3344,280140,1
3345,351855,1
3346,366198,1
3347,380541,1
3348,259770,1
3349,309330,1
3350,338016,1
3351,264516,1
3352,287049,1
3353,373107,1
3354,299607,1
3355,293706,1
3356,271425,1
3357,334950,1
3358,283983,1
3359,312669,1
3360,278082,1
3361,306768,1
3362,319326,1
3363,341859,1
3364,348012,1
3365,305235,1
3366,319578,2
3367,346479,1
3368,318045,1
3369,289611,1
3370,303954,1
3371,275520,1
3372,330855,2
3373,345198,1
3374,375921,1
3375,302421,2
3376,273987,2
3377,288330,1
3378,329574,2
3379,360297,1
3380,278607,2
3381,301140,1
3382,364917,2
3383,313950,1
3384,336483,1
3385,359016,2
3386,262983,2
3387,285516,1
3388,308049,1
3389,377727,1
3390,349293,2
3391,371826,2
3392,298326,1
3393,320859,1
3394,343392,1
3395,269892,1
3396,292425,1
3397,362103,2
3398,333669,1
3399,309855,2
3400,338541,1
3401,326487,2
3402,355173,1
3403,265545,1
3404,365946,1
3405,282177,2
3406,353892,1
3407,382578,1
3408,264264,2
3409,280896,1
3410,328041,1
3411,287301,1
3412,315987,1
3413,344673,1
3414,306012,2
3415,334698,1
3416,322644,1
3417,351330,1
3418,341103,1
3419,380016,1
3420,369789,1
3421,357735,1
3422,376446,1
3423,296793,1
3424,303198,1
3425,319830,1
3426,377202,1
3427,375165,2
3428,291396,1
3429,273231,1
3430,330603,1
3431,289863,1
3432,302169,1
3433,347235,1
3434,318801,1
3435,271950,1
3436,372351,1
3437,288582,2
3438,345954,2
3439,343917,1
3440,317520,1
3441,307293,1
3442,352359,2
3443,364665,1
3444,371070,1
3445,342636,2
3446,298074,2
3447,269640,1
3448,304479,1
3449,361851,2
3450,286272,1
3451,276045,1
3452,321111,2
3453,333417,1
3454,292677,1
3455,350049,1
3456,339822,1
3457,368760,1
3458,266574,1
3459,295260,2
3460,356706,1
3461,366975,1
3462,283206,1
3463,311892,1
3464,338793,2
3465,265293,1
3466,365694,1
3467,281925,1
3468,261555,1
3469,337512,1
3470,264012,1
3471,325458,2
3472,335727,2
3473,364413,1
3474,280644,1
3475,299103,2
3476,327789,1
3477,260274,1
3478,315735,1
3479,344421,2
3480,270921,2
3481,287553,1
3482,351078,1
3483,379764,1
3484,277578,1
3485,306264,1
3486,322896,1
3487,341355,2
3488,370041,1
3489,267855,1
3490,296541,2
3491,357987,1
3492,313173,1
3493,292929,2
3494,331884,2
3495,376950,1
3496,303450,1
3497,348516,1
3498,375417,1
3499,291648,1
3500,301917,1
3501,346983,2
3502,273483,1
3503,290115,1
3504,329070,1
3505,374136,1
3506,345702,1
3507,272202,1
3508,317268,1
3509,288834,1
3510,381045,1
3511,307545,1
3512,352611,2
3513,279111,1
3514,324177,1
3515,371322,2
3516,269388,1
3517,314454,1
3518,359520,1
3519,361599,1
3520,333165,1
3521,378231,1
3522,304731,1
3523,349797,1
3524,276297,1
3525,321363,1
3526,368508,1
3527,266322,2
3528,280665,1
3529,338037,1
3530,352380,1
3531,265041,2
3532,279384,1
3533,336756,1
3534,351099,2
3535,298305,1
3536,312648,1
3537,326991,1
3538,370020,1
3539,263760,1
3540,278103,1
3541,292446,1
3542,335475,1
3543,349818,1
3544,325710,1
3545,383082,1
3546,303429,1
3547,276822,1
3548,360801,1
3549,260526,1
3550,283227,1
3551,310086,1
3552,367458,1
3553,316491,1
3554,289884,2
3555,347256,1
3556,267603,1
3557,353661,2
3558,323148,1
3559,380520,1
3560,300867,1
3561,274260,1
3562,360318,1
3563,321615,1
3564,307524,1
3565,272727,1
3566,287070,1
3567,364896,1
3568,330099,2
3569,344442,1
3570,359037,1
3571,320334,1
3572,363363,1
3573,377706,1
3574,328818,1
3575,286041,1
3576,343413,2
3577,362082,1
3578,319305,1
3579,376677,2
3580,356223,1
3581,284760,1
3582,342132,1
3583,291165,1
3584,348537,1
3585,295491,2
3586,318024,2
3587,354942,1
3588,324429,1
3589,269136,1
3590,381801,1
3591,275541,1
3592,332913,1
3593,302400,1
3594,281946,2
3595,308805,1
3596,288351,1
3597,345723,1
3598,315210,1
3599,372582,1
3600,372834,1
3601,313677,1
3602,338289,1
3603,352632,1
3604,264789,1
3605,279132,1
3606,371553,1
3607,298053,1
3608,293979,2
3609,337008,1
3610,263508,1
3611,335223,1
3612,296772,2
3613,278355,1
3614,292698,1
3615,368487,1
3616,382830,2
3617,262059,1
3618,270417,2
3619,360549,1
3620,325962,1
3621,282975,1
3622,303681,1
3623,277074,1
3624,367206,1
3625,260778,1
3626,316239,1
3627,310338,1
3628,267351,2
3629,290136,1
3630,380268,1
3631,300615,2
3632,331380,1
3633,323400,1
3634,274512,1
3635,364644,2
3636,329847,1
3637,321867,1
3638,307776,1
3639,272979,1
3640,287322,1
3641,363111,1
3642,377454,1
3643,328566,1
3644,359289,1
3645,306243,1
3646,320586,1
3647,271698,1
3648,361830,1
3649,319053,1
3650,343665,2
3651,358008,1
3652,304962,1
3653,270165,1
3654,284508,1
3655,295239,1
3656,317772,1
3657,291417,1
3658,381549,1
3659,375648,2
3660,332661,2
3661,355194,1
3662,302148,2
3663,281694,1
3664,275793,1
3665,365925,1
3666,345471,1
3667,259497,1
3668,314958,1
3669,339570,1
3670,266070,1
3671,288603,2
3672,378735,1
3673,299082,1
3674,315714,1
3675,264537,1
3676,336252,1
3677,281169,1
3678,352884,1
3679,369516,2
3680,314433,1
3681,263256,1
3682,334971,1
3683,279888,1
3684,351603,2
3685,310863,1
3686,368235,1
3687,313152,1
3688,276318,1
3689,292950,1
3690,376929,2
3691,350322,1
3692,356727,2
3693,373359,1
3694,267099,1
3695,261030,1
3696,331128,1
3697,316995,1
3698,290388,1
3699,347760,1
3700,337533,1
3701,307020,1
3702,323652,1
3703,288855,1
3704,381024,2
3705,305487,1
3706,362859,1
3707,322119,1
3708,270942,1
3709,379491,1
3710,328314,1
3711,287574,2
3712,344946,1
3713,361578,2
3714,378210,1
3715,376173,1
3716,269913,2
3717,341628,1
3718,286545,1
3719,358260,1
3720,294987,1
3721,374892,1
3722,268632,1
3723,285264,1
3724,275037,2
3725,332409,1
3726,291669,1
3727,349041,1
3728,338814,1
3729,318528,1
3730,308301,1
3731,355446,1
3732,324933,1
3733,382305,1
3734,372078,1
3735,265818,1
3736,282450,1
3737,272223,2
3738,329595,1
3739,315462,1
3740,264285,1
3741,354417,2
3742,371049,2
3743,336504,1
3744,314181,2
3745,263004,2
3746,353136,1
3747,334719,2
3748,279636,1
3749,369768,1
3750,296268,1
3751,367983,1
3752,294483,1
3753,311115,1
3754,350070,2
3755,303177,1
3756,276570,1
3757,366702,1
3758,293202,1
3759,340347,1
3760,309834,1
3761,266847,1
3762,356979,1
3763,283479,2
3764,373611,1
3765,300111,2
3766,330876,1
3767,261282,1
3768,316743,1
3769,274008,1
3770,364140,2
3771,337785,1
3772,307272,1
3773,362607,1
3774,323904,1
3775,289107,2
3776,379239,1
3777,328062,2
3778,344694,1
3779,322371,1
3780,361326,1
3781,287826,1
3782,343161,1
3783,304458,1
3784,269661,2
3785,359793,2
3786,321090,2
3787,376425,1
3788,285012,1
3789,375144,1
3790,301644,1
3791,348789,2
3792,318276,1
3793,275289,1
3794,291921,1
3795,382053,1
3796,339066,1
3797,308553,1
3798,265566,1
3799,355698,1
3800,325185,1
3801,372330,2
3802,329343,1
3803,345975,1
3804,260001,1
3805,346185,1
3806,262752,1
3807,291438,1
3808,305781,1
3809,320124,1
3810,344904,1
3811,359247,1
3812,373590,2
3813,275814,1
3814,290157,1
3815,304500,1
3816,329280,1
3817,343623,1
3818,357966,1
3819,288876,2
3820,317562,1
3821,342342,1
3822,371028,1
3823,266595,1
3824,323967,1
3825,348747,2
3826,377433,1
3827,273252,2
3828,355404,1
3829,279657,1
3830,333123,1
3831,361809,1
3832,261534,1
3833,286314,1
3834,315000,1
3835,339780,2
3836,264033,1
3837,292719,1
3838,270438,1
3839,260253,1
3840,338247,2
3841,352590,1
3842,285033,1
3843,299376,1
3844,381528,1
3845,312186,2
3846,379995,1
3847,269409,1
3848,283752,1
3849,326781,1
3850,282219,1
3851,364371,1
3852,378714,1
3853,311157,1
3854,325500,1
3855,327747,1
3856,350280,1
3857,356685,2
3858,363090,1
3859,309876,1
3860,369495,1
3861,316281,2
3862,341061,2
3863,322686,1
3864,347466,1
3865,271719,1
3866,294252,1
3867,353871,1
3868,376404,2
3869,300657,1
3870,382809,2
3871,307062,1
3872,292971,1
3873,375123,1
3874,262500,1
3875,330309,1
3876,344652,1
3877,277347,1
3878,291690,2
3879,306033,1
3880,320376,1
3881,359499,1
3882,373842,1
3883,318591,1
3884,329028,1
3885,276066,1
3886,290409,1
3887,304752,1
3888,358218,1
3889,302967,1
3890,317310,1
3891,266343,2
3892,295029,1
3893,348495,1
3894,377181,2
3895,371280,1
3896,383838,1
3897,279405,2
3898,361557,1
3899,355656,1
3900,314748,1
3901,368214,1
3902,263781,1
3903,345933,1
3904,284781,1
3905,381276,1
3906,270690,1
3907,260505,1
3908,338499,1
3909,297591,1
3910,311934,2
3911,269157,1
3912,283500,1
3913,351309,2
3914,365652,2
3915,281967,1
3916,296310,2
3917,327033,1
3918,364119,1
3919,378462,1
3920,267876,1
3921,335685,1
3922,350028,2
3923,280686,1
3924,303219,1
3925,325752,1
3926,362838,1
3927,274785,1
3928,356937,1
3929,316029,1
3930,265062,1
3931,287595,2
3932,310128,1
3933,341313,1
3934,300405,1
3935,382557,1
3936,271971,2
3937,294504,1
3938,331590,1
3939,354123,1
3940,376656,1
3941,313215,1
3942,262248,1
3943,276591,1
3944,305277,1
3945,330057,1
3946,278880,1
3947,293223,1
3948,321909,1
3949,346689,1
3950,275310,2
3951,303996,1
3952,328776,1
3953,343119,1
3954,371805,2
3955,345408,1
3956,359751,1
3957,274029,1
3958,302715,2
3959,341838,1
3960,370524,2
3961,290661,1
3962,358470,1
3963,311409,1
3964,272748,1
3965,301434,1
3966,289380,1
3967,318066,1
3968,307839,2
3969,332619,1
3970,361305,1
3971,377937,1
3972,339276,2
3973,367962,1
3974,355908,1
3975,374367,1
3976,280161,1
3977,270186,1
3978,298872,2
3979,262038,1
3980,354375,2
3981,366681,1
3982,315504,2
3983,297339,2
3984,336462,1
3985,313971,1
3986,260757,2
3987,353094,2
3988,365400,1
3989,382032,1
3990,296058,1
3991,267624,1
3992,312690,1
3993,310653,1
3994,259476,1
3995,335433,1
3996,380499,1
3997,284256,1
3998,327285,1
3999,352065,1
4000,362586,1
4001,309372,2
4002,334152,1
4003,379218,1
4004,368991,1
4005,326004,1
4006,340557,1
4007,264810,1
4008,281442,1
4009,271215,1
4010,375900,1
4011,287847,1
4012,300153,1
4013,306558,1
4014,278124,1
4015,347970,2
4016,337743,1
4017,294756,1
4018,329805,1
4019,278628,2
4020,346437,1
4021,276843,2
4022,305529,1
4023,293475,1
4024,322161,1
4025,328524,1
4026,275562,1
4027,304248,1
4028,343371,1
4029,292194,1
4030,320880,1
4031,302463,1
4032,319095,1
4033,274281,1
4034,370776,1
4035,301182,1
4036,358722,1
4037,317814,2
4038,332367,2
4039,361053,2
4040,273000,1
4041,348999,1
4042,377685,1
4043,289632,1
4044,367710,1
4045,324723,1
4046,279909,1
4047,339528,2
4048,269934,1
4049,298620,1
4050,356160,1
4051,374619,1
4052,315252,1
4053,383061,2
4054,286818,1
4055,297087,1
4056,354627,1
4057,268653,1
4058,365148,1
4059,336714,1
4060,381780,2
4061,261009,1
4062,353346,1
4063,363615,2
4064,267372,1
4065,312438,2
4066,284004,1
4067,351813,1
4068,265839,1
4069,310905,1
4070,362334,1
4071,282471,1
4072,327537,1
4073,333900,1
4074,290913,1
4075,350532,1
4076,264558,2
4077,309624,1
4078,281190,1
4079,340809,1
4080,316533,1
4081,331086,1
4082,376152,1
4083,288099,1
4084,347718,2
4085,366429,2
4086,278376,1
4087,323442,1
4088,295008,1
4089,309351,1
4090,323694,1
4091,362817,1
4092,377160,1
4093,289149,2
4094,328272,2
4095,342615,1
4096,356958,1
4097,308070,1
4098,322413,1
4099,375879,1
4100,287868,1
4101,306789,1
4102,321132,1
4103,374598,1
4104,286587,1
4105,381003,1
4106,278649,2
4107,332115,1
4108,305508,1
4109,311913,1
4110,372036,2
4111,296289,1
4112,324975,1
4113,269682,1
4114,351834,1
4115,276087,1
4116,358239,1
4117,302946,2
4118,335958,1
4119,268401,1
4120,282744,1
4121,350553,1
4122,369222,1
4123,316008,1
4124,281211,1
4125,383817,1
4126,267120,2
4127,334929,1
4128,314475,1
4129,261261,1
4130,300384,1
4131,265587,2
4132,279930,1
4133,382536,1
4134,333648,1
4135,298851,1
4136,259980,1
4137,340053,1
4138,319599,1
4139,264306,1
4140,366912,1
4141,346458,1
4142,270711,1
4143,373317,1
4144,352863,1
4145,379722,1
4146,303975,1
4147,330834,1
4148,277620,1
4149,337239,1
4150,284025,1
4151,364098,2
4152,310884,1
4153,370503,1
4154,317289,1
4155,362565,1
4156,376908,1
4157,358491,2
4158,328020,1
4159,323946,1
4160,275058,2
4161,289401,1
4162,361284,2
4163,342867,1
4164,357210,1
4165,308322,1
4166,322665,1
4167,376131,1
4168,273777,1
4169,288120,1
4170,341586,1
4171,355929,2
4172,286335,1
4173,307041,2
4174,321384,2
4175,374850,1
4176,331863,1
4177,272496,1
4178,311661,1
4179,365127,1
4180,305760,2
4181,262773,1
4182,344925,1
4183,318318,1
4184,339024,1
4185,269430,1
4186,378189,1
4187,351582,1
4188,372288,1
4189,329301,1
4190,302694,1
4191,276339,1
4192,282492,1
4193,370755,2
4194,350301,1
4195,336210,1
4196,301413,1
4197,315756,1
4198,280959,1
4199,383565,1
4200,266868,2
4201,369474,1
4202,334677,1
4203,349020,1
4204,314223,1
4205,300132,2
4206,265335,1
4207,279678,1
4208,367941,1
4209,382284,1
4210,261513,1
4211,298599,1
4212,312942,1
4213,264054,1
4214,294777,1
4215,366660,2
4216,340305,1
4217,297318,1
4218,293496,1
4219,373569,1
4220,304227,1
4221,283773,1
4222,277872,2
4223,337491,1
4224,360024,1
4225,317037,1
4226,311136,1
4227,268149,1
4228,290682,2
4229,378945,1
4230,327768,1
4231,290934,2
4232,344400,1
4233,358743,1
4234,307566,2
4235,324198,1
4236,273021,2
4237,377664,1
4238,340830,1
4239,357462,1
4240,306285,1
4241,271740,1
4242,339549,1
4243,288372,1
4244,356181,1
4245,305004,2
4246,348243,1
4247,321636,1
4248,364875,1
4249,338268,1
4250,262521,1
4251,381507,1
4252,354900,1
4253,371532,1
4254,295785,2
4255,269178,1
4256,285810,2
4257,329049,1
4258,345681,1
4259,319074,2
4260,362313,1
4261,335706,1
4262,301161,1
4263,317793,1
4264,334425,1
4265,283248,2
4266,351057,2
4267,299880,1
4268,265083,1
4269,367689,1
4270,333144,2
4271,349776,2
4272,263802,2
4273,261765,1
4274,331611,1
4275,280434,1
4276,383040,1
4277,297066,1
4278,286839,1
4279,303471,1
4280,330330,1
4281,320103,1
4282,277116,1
4283,293748,2
4284,363594,2
4285,310380,1
4286,380226,1
4287,369999,1
4288,327012,1
4289,343644,1
4290,267897,2
4291,284529,2
4292,274302,1
4293,325731,1
4294,360780,1
4295,342363,1
4296,291186,1
4297,377412,1
4298,358995,1
4299,307818,1
4300,375627,1
4301,324450,1
4302,273273,2
4303,341082,2
4304,289905,1
4305,357714,1
4306,306537,1
4307,323169,1
4308,271992,1
4309,339801,1
4310,288624,1
4311,270207,2
4312,305256,1
4313,262269,1
4314,381255,1
4315,338520,1
4316,295533,1
4317,355152,2
4318,312165,1
4319,285558,1
4320,371784,1
4321,328797,1
4322,302190,2
4323,345429,1
4324,318822,1
4325,275835,1
4326,335454,1
4327,292467,1
4328,378693,1
4329,352086,1
4330,309099,1
4331,352338,1
4332,317541,1
4333,266364,1
4334,282996,1
4335,350805,2
4336,264831,1
4337,316260,1
4338,281463,1
4339,332892,1
4340,298095,1
4341,349524,1
4342,314727,1
4343,263550,1
4344,366156,1
4345,382788,1
4346,347991,1
4347,262017,1
4348,270459,1
4349,373065,1
4350,346710,1
4351,303723,1
4352,363342,1
4353,320355,1
4354,277368,1
4355,379974,1
4356,294000,1
4357,353619,2
4358,310632,1
4359,370251,1
4360,327264,1
4361,343896,1
4362,300909,2
